epoch,hostname,test_loss,precision-recall auc,f1,precision,recall,f1_threshold,max_acc,best_threshold
0,,1.7261199951171875,0.437212832915806,0.4290657439446367,0.42424242424242425,0.434,4.046833038330078,0.9208636363636363,6.023301124572754
0,,1.769120454788208,0.5881700271897053,0.5564271519715511,0.583205437404078,0.532,1.7930625677108765,0.9308181818181818,4.101932048797607
